Course Title,Course Description,Curriculum,
GenAI Applied to Quantitative Finance: For Control Implementation,"This course explores the application of Generative AI in quantitative finance, focusing on building sustainable trading algorithms through keyword extraction, sentiment analysis, and time-series forecasting. Learn to predict commodity prices, such as gold, by integrating data from financial news sources, leveraging sentiment analysis, and optimizing models for robust trading signals.","Introduction, Overview, Problem Definition: Commodity Price Prediction, Architecture, Hands-On",
"Navigating LLM Tradeoffs: Techniques for Speed, Cost, Scale & Accuracy","This course provides a concise guide to optimizing Large Language Models (LLMs) by navigating tradeoffs in speed, cost, scale, and accuracy. Learn practical techniques like LoRA, model quantization, and parameter-efficient fine-tuning to improve performance while reducing costs. You'll explore various deployment strategies and understand how to evaluate LLMs using industry-standard benchmarks, making this course ideal for anyone seeking efficient, scalable AI solutions.","Introduction, Resources, Technique to Increase Accuracy, Training Speed and Cost Optimization, Inference Speed and Cost Optimization, Scale",
Creating Problem-Solving Agents using GenAI for Action Composition,"This introductory course provides a concise overview of Agentic AI systems, covering their evolution, current state, and practical applications. You will explore key topics including the history of Agentic AI systems, the role of agents today, multi-agent systems, and practical solutions for implementing them. Perfect for those seeking a foundational understanding of intelligent Agentic AI systems in action.","Introduction, Overview- Count the Number of Agents, A brief history of, Agentic Systems, Agents Today, Multi-Agent Systems Today, Practical Solutions",
Improving Real World RAG Systems: Key Challenges & Practical Solutions,"This course explores the key challenges in building real-world Retrieval-Augmented Generation (RAG) systems and provides practical solutions. Topics include improving data retrieval, dealing with hallucinations, context selection, and optimizing system performance using advanced prompting, retrieval strategies, and evaluation techniques. Through hands-on demos, you will gain insights into better chunking, embedding models, and agentic RAG systems for more robust, real-world applications.","Introduction to RAG Systems, Resources, RAG System Challenges Practical Solutions, Hands-on: Solution for Missing Content in RAG, Other Key Challenges, Practical Solutions, Hands-on: Solution for Missed Top Ranked, Not in Context, Not Extracted _ Incorrect SpecificityHands-on- Solution for Missed, Wrong Format Problem Solution, Hands-on: Solution for Wrong Format, Incomplete Problem Solution, HyDE, Other Practical Solutions from recent Research Papers",
Framework to Choose the Right LLM for your Business,"This course will guide you through the process of selecting the most suitable Large Language Model (LLM) for various business needs. By examining factors such as accuracy, cost, scalability, and integration, you will understand how different LLMs perform in specific scenarios, from customer support to healthcare and strategy development. The course emphasizes practical decision-making with real-world case studies, helping businesses navigate the rapidly evolving LLM landscape effectively.","Introduction, It's an LLM World!, Understand Your Business, Framework to Choose the Right LLM, Case Studies, Conclusion",
Building Smarter LLMs with Mamba and State Space Model,"Unlock the Power of State Space Models (SSM) like Mamba with our comprehensive course designed for AI professionals, data scientists, and NLP enthusiasts. Master the art of integrating SSM with deep learning, unravel the complexities of models like Mamba, and elevate your understanding of Generative AI's newest and most innovative models. This course is designed to equip you with the skills needed to understand these cutting-edge AI models and how they work, making you proficient in the latest AI techniques and architectures.","Course Overview, An Alternative to Transformers, Understanding State Space Models, Mamba - A Selective State Space Model",
Generative AI - A Way of Life - Free Course,"This course is a transformative journey tailored for beginners and delves into AI-powered text and image generation using leading tools like ChatGPT, Microsoft Copilot, and DALL·E3. Learn practical applications across industries, ethical considerations, and best practices. Whether you're a content creator, business innovator, or AI enthusiast, gain the expertise to harness Generative AI's full potential and drive innovation in your field.","Introduction to Generative AI, Text Generation Using Generative AI, Image Generation Using Generative AI",
Building LLM Applications using Prompt Engineering - Free Course,"This course will provide you with a hands-on understanding of building LLM applications and mastering prompt engineering techniques. By the end of the course, you will be proficient in implementing and fine-tuning these techniques to enhance generative AI model performance. You'll learn to apply various prompting methods and build chatbots on enterprise data, equipping you with the skills to improve conversational AI systems in real-world projects. Who Should Enroll: Professionals: Individuals looking to deepen their knowledge and apply advanced LLM and prompt engineering techniques to solve complex problems across various domains.Aspiring Students: Individuals looking to deepen their knowledge and apply advanced LLM and prompt engineering techniques to solve complex problems across various domains.","How to build diffferent LLM AppIications?, Getting Started with Prompt Engineering, Understanding Different Prompt Engineering Techniques",
Building Your First Computer Vision Model - Free Course,"This course will help you gain a deep understanding of Computer Vision and build advanced CV models using the PyTorch framework. With a carefully curated list of resources and exercises, this course is your guide to becoming a Computer Vision expert. Master the techniques to build convolutional neural networks, and classify images. Who Should Enroll: Professionals: Individuals looking to expand their skill set and leverage CV across different industries. Aspiring Students: For those setting out on their journey to master image data analysis and leave a mark in the tech world","Introduction to Computer Vision, Pixel Perfect - Decoding Images, Understanding a CNN - Convolutional Layer, Hands on - Image Processing Techniques, Understanding a CNN - Striding and Pooling, Understanding a, CNN - Pooling Layer, Understanding AlexNet and Building a CNN Model, Quiz",
Bagging and Boosting ML Algorithms - Free Course,"This course will provide you with a hands-on understanding of Bagging and Boosting techniques in machine learning. By the end of the course, you will be proficient in implementing and tuning these ensemble methods to enhance model performance. You'll learn to apply algorithms like Random Forest, AdaBoost, and Gradient Boosting to a real-world dataset, equipping you with the skills to improve predictive accuracy and robustness in your projects. Who Should Enroll: Professionals: Individuals looking to deepen their knowledge and apply advanced machine learning techniques like Bagging and Boosting to solve complex problems across various domains Aspiring Students: Individuals looking to deepen their knowledge and apply advanced ML techniques to bring value to businesses",,"Bagging, Resources to be used in this course, Problem Statement, Understanding Ensemble Learning, Introducing Bagging Algorithms, Hands-on to Bagging Meta Estimator, Introduction to Random Forest, Understanding Out-Of-Bag Score, Random Forest VS Classical Bagging VS, Decision Tree, Project, Boosting, Introduction to Boosting, AdaBoost, Step-by-Step Explanation, Hands-on - AdaBoost, Gradient Boosting, Machines (GBM), Hands-on Gradient Boost, Other Algo (XGBoost, LightBoost. CatBoost), Project: Anova Insurance1"
MidJourney: From Inspiration to Implementation - Free Course,"This course will provide you with a practical understanding of MidJourney tools. By the end of the course, you will be able to utilize MidJourney effectively and explore alternative tools for your creative projects. You'll learn how to draw inspiration, use MidJourney's features, and understand its applications through engaging lessons. Who Should Enroll: Creative Professionals: Individuals looking to enhance their creativity and apply MidJourney tools to various artistic and visual projects. Aspiring Creatives: Those beginning their journey into visual storytelling and digital art, seeking to learn the fundamentals of MidJourney and its alternatives.","MidJourney, MidJourney - Storm _ Story, MidJourney - Inspiration, MidJourney - How to use, MidJourney Alternatives, Quiz",
Understanding Linear Regression - Free Course,"This free course will help you understand the fundamentals of linear regression in a straightforward manner. By the end of this course, you will be able to build predictive models using linear regression techniques. With a carefully curated list of resources and exercises, this course serves as your comprehensive guide to mastering linear regression. Who Should Enroll: Professionals: Individuals looking to expand their skill set and apply machine learning across different industries. Aspiring Students: For those setting out on their journey to mastering machine learning and making a mark in the tech world.","Linear Regression, Introduction to the Problem Statement, Resources for this Course, Introduction to Linear Regression, Significance of Slope and Intercept in the linear regression, How Model Decides The Best-Fit Line, Let’s Build a Simple Linear Regression Model, Model Understanding Using, Descriptive Approach, Model Understanding Using Descriptive Approach - II, Model Building Using Predictive Approach, Quiz: Linear regression",
The Working of Neural Networks - Free Course,"This free course will help you understand the end-to-end working of neural networks in a simple manner. By the end of this course, you will be able to build advanced Deep Learning models using the PyTorch framework. With a carefully curated list of resources and exercises, this course serves as your comprehensive guide to mastering deep learning. It is recommended that you complete the advanced Machine Learning course before taking up this course.","Understanding the working of Neural Networks, How are Neural Networks trained - Forward Propagation, Understanding Loss Functions + Hands on Reading: Creating a Custom Loss Function (Optional), Optimization,Techniques - Gradient Descent, What is Back Propagation, Types of Gradient Descent, Common Optimization Techniques - Part 1, Common Optimization Techniques - Part 2, Building a Deep Neural Network (Hands-on Regression Model), Building a Deep Neural Network (Hands-on Classification Model), Quiz",
The A to Z of Unsupervised ML - Free Course,"Unsupervised machine learning helps uncover hidden patterns and structures in data without labeled examples. It is essential for exploratory data analysis, reducing dimensionality, and discovering intrinsic relationships within datasets. Mastering unsupervised techniques enhances data preprocessing and drives insights in complex datasets where labels are scarce or unavailable.","Understanding Unsupervised Machine Learning, Resources to be used in this course., Setting the Context, Choosing Clustering Algorithms, Solving our Problem using k-means - Part 1, Solving our Problem using k-means, Part 2, Finding optimal K value, Analysis and Insights Based on the Plots, Introduction to Hierarchical Clustering Analysis (HCA), Solving our Problem using Hierarchical Clustering, Introduction to DBSCAN Clustering, Solving our Problem using DBSCAN, Reading: Applications of Clustering in the Real World, Project",
Building Your first RAG System using LlamaIndex - Free Course,"This course will guide you through building your first Retrieval-Augmented Generation (RAG) system using LlamaIndex. You will start with data ingestion by loading a file into the system, followed by indexing the data for efficient retrieval. Next, you will set up retrieval configurations and use a response synthesizer to combine data into a coherent response. Finally, you will employ a query engine to generate responses. By the end of this course, you will have a solid understanding of these processes and be able to build an RAG system using LlamaIndex code effectively.","Introduction to RAG systems, Welcome to this course, Why RAG, What is, RAG system, Overview of RAG Framework, Quiz, Course handouts, Getting Started with LlamaIndex, Introduction to LlamaIndex, Components of, LlamaIndex, Reading Material: How to get your API Key, How to get Open AI, Keys - 2 min - Website go through, Build Your First RAG system using, LlamaIndex, Quiz",
Data Preprocessing on a Real-World Problem Statement - Free Course,"This course will help you get a practical understanding of Data Preprocessing. After this course, you can work on any data and prepare it for modelling. With a carefully curated list of resources, this course is your first step to becoming a Data Scientist. By the end of the course, you will have mastered techniques like EDA and Missing Value Treatment.","Preparing the Dataset for Machine Learning Model, Resources to be used in this course, Introduction to Problem Statement, Reading Material, Understanding the Data, ML-workflow, Tasks to be Performed, Combining, Product Attribute Data with POS Data, Combining all the tables in the, Dataframe, Understanding the Combined Data, Treating Missing Values Part 1, Treating Missing Values Part - 2, Outlier Detection and Treatment, Preparing the Dataset for Supervised and Unsupervised Models, Generative AI for Data Analysis",
Exploring Stability.AI - Free Course,"This course will give you a practical understanding of Stability.AI tools. By the end of the course, you will be able to deploy and customize SD WebUI, and use the Automatic1111 WebUI on RunPod GPU environments. You'll learn to install, set up, generate, and fine-tune SD WebUI settings, equipping you with the skills to harness Stability.AI's full potential for your projects.","Mastering stability.ai and its tools, Introduction to Stability, How to use Stability.AI tools, Review of Deployment Options for SD WebUI, Automatic1111 WebUI on RunPod GPU environment, SD WebUI Hands-On, Installation and Setup, SD WebUI Hands-On - Generation and Settings, Quiz",
Building a Text Classification Model with Natural Language Processing - Free Course,"Gain practical insights into Natural Language Processing (NLP) with our comprehensive course. Learn to build NLP models using PyTorch, delve into classification models, and apply techniques like bag-of-words, count vectorizer and so on. Perfect for professionals seeking to enhance their skills and aspiring students entering the tech industry.","Introduction to NLP, What is NLP, Common tasks in a NLP Project, NLP, Libraries, Resources for the Course, Methods of Text Preprocessing - Part, Methods of Text Preprocessing - Part 2, Methods of Text Preprocessing Part 3, Quiz, Building a basic classification model, Introduction to dataset and problem statement, Creating a Basic Review Classification Model, Understanding TF-IDF and its implementations, Understanding N-grams, Advanced Preprocessing Techniques, Building an basic ANN model, Limitations of ANN, Quiz",
Getting Started with Large Language Models,"This course will help you gain a comprehensive understanding of Large Language Models (LLMs) and develop advanced natural language processing (NLP) applications using the PyTorch framework. With a carefully curated list of resources and exercises, this course is your guide to becoming an expert in LLMs. Master the techniques to build and fine-tune LLMs, and generate human-like text. Who Should Enroll: Professionals: Individuals looking to expand their skill set and leverage LLMs across different industries. Aspiring Students: For those setting out on their journey to master language data analysis and leave a mark in the tech world.","Introduction, Course Objective, Course Handouts, The Exponential Growth, The Evolution of NLP, The Evolution of NLP: Symbolic NLP, The Evolution of NLP: Statistical NLP, The Evolution of NLP: Deep Learning, The Evolution of NLP: Deep Learning Era II, The Evolution of NLP: Tranformers and Evolution, Quiz, What are Large Language Models?, Introduction to Large Language Model, What is a Large Language Model?, Understanding Foundational Models, Different types of LLMs: Based on Response, Different types of, LLMs: Based on Model Architecture, Quiz, The Current State of the Art in LLMs, The Current State of the Art in LLMs, Generative AI - Glossary, Generative AI- Glossary, Your Feedback Matters!, Your Feedback Matters!",
Introduction to Generative AI,"This course will provide you with a comprehensive understanding of generative AI, including text and image generation techniques. By the end of the course, you will be have an understanding of using generative AI tools to create diverse content. You'll learn how generative AI works, engage in practical exercises, and gain the skills to implement these techniques in real-world projects.","Introduction to Generative AI, What is Generative AI, How does Gen AI work, Quiz, Text Generation with Gen AI, Image Generation with Gen AI, Quiz, Meet your Instructors, Course Handout, Your Feedback Matters!",
Nano Course: Dreambooth-Stable Diffusion for Custom Images,"Have you ever wondered how to turn your dreams into reality by creating images of your dog traveling around the world or yourself alongside Elon Musk or playing cricket with MSD? This is exactly where the dreambooth model comes into the picture. With the help of Dreambooth, you can personalize the stable diffusion for a particular subject. Given just 5 images of our subject, dreambooth can create new images across diverse scenes, poses, views, and lighting conditions that do not appear in the reference images. In this free nano course on Dreambooth, Sandeep will discuss the historical journey of stable diffusion, its current landscape, and a brief understanding of the stable diffusion training process. Then we will move on to the dreambooth, its training process and finetune dreambooth on our custom dataset.","Dreambooth-Stable Diffusion for Custom Images, The Current Landscape of Generative AI, Why Stable Diffusion, Recap on History of Stable Diffusion, Intuition behind Stable Diffusion, How to train a Stable Diffusion model, Introduction to Dreambooth, Understanding the Dreambooth Process, Tricks to Name Your Concept Uniquely, How to Select Images for Finetuning Dreambooth, Setting up the Training Environment, Code Finetuning Dreambooth model on Custom Dataset, The Importance of Captioning in Dreambooth, Differences between Stable Diffusion and Dreambooth",
A Comprehensive Learning Path for Deep Learning in 2023,The most common question we get from beginners in the field of Deep Learning is - Where to begin? The journey to becoming a Deep Learning expert can be difficult if one does not have the right resources to follow. There are a million resources to refer and it is tough to decide where to start from. We are here to help you take your first steps into the world of Deep Learning. Here is a free learning path for people who want to become a Deep Learning expert in 2023. We have arranged the best resources in a logical manner along with exercises to make sure that you only need to follow one single source to become a data scientist.,"January 2023, Getting Started, Overview of the Learning Path, Month-on Month Plan, Introduction to Deep Learning, Applications of Deep Learning, Setting up your System, Descriptive Statistics and Probability, Python, Exercise : Python, AI&ML Blackbelt Plus Program (Sponsored), February 2023, Start engaging in data science / deep learning communities, Inferential Statistics, Exercise : Statistics, Partial Derivative, Linear Algebra, Part 1, Linear Regression, Logistic Regression, Exercise : Linear and Logistic, Regression, Regularization Techniques (Ridge and Lasso), Project, March 2023, Start building your GitHub profile, Start building your GitHub profile, Linear Algebra - Part 2, Getting Started with Neural Networks, Understanding Forward Propagation, Understanding Back Propagation, Exercise : Understanding Neural Networks, Build your first Neural Network in Numpy, Frameworks for Deep Learning, Introduction to Keras, Build your first Neural Network in Keras Project, April 2023, Start Participating in Competitions, Handling / Pre-processing Images Exercise Hyperparameter, Tuning, Regularization Techniques, Optimization Algorithms, Exercise, Project May 2023, Understanding Convolutional Neural Networks (CNNs), Exercise : CNNs, Hyperparameter Tuning, Transfer Learning, Data, Augmentation, Project, June 2023, Build your resume and apply for, Internships, Visualizing Convolutional Neural Networks.Project 3 on CV, Project 4 on CV, July 2023, Start writing articles, Handling / Pre-processing, Text Data, Exercise, Recurrent Neural Networks (RNNs), RNNs - Video, LSTM, GRUs, Transfer Learning for NLP, Project 1 on NLP, August 2023, Word Embeddings, Exercise, Project 2 on NLP, September 2023, Attention Models, Attention Models - Text, Project on Attention Models, October 2023, Unsupervised Deep Learning, Project on Unsupervised, Deep Learning, November 2023, GANs : Video, GANs, Project on GANs, December 2023, Apply for Jobs and Internships, Way Forward",
A Comprehensive Learning Path to Become a Data Scientist in 2024,"Where do I begin? Data science is such a huge field - where do you even start learning about Data Science? These are career-defining questions often asked by data science aspirants. There are a million resources out there to refer but the learning journey can be quite exhausting if you don’t know where to start. Don’t worry, we are here to help you take your first steps into the world of data science! Here’s the learning path for people who want to become a data scientist in 2023. We have arranged and compiled all the best resources in a structured manner so that you have a unified resource to become a successful data scientist. Moreover, we have added the most in-demand skills for the year 2023 for data scientists including storytelling, model deployment, and much more along with exercises and assignments.","Overview of the Learning Path 2024, January 2024: Data Science Toolkit, February 2024: Data Visualization, March 2024: Data Exploration, April 2024: Basics of Machine Learning and art of storytelling, May 2024: Advanced Machine Learning, June 2024: Other Machine Learning Concepts, July 2024: Introduction to Deep Learning and Computer Vision, August 2024: Basics of Natural Language Processing, September 2024: Model Deployment, October 2024: Practice and Projects",
A Comprehensive Learning Path to Become a Data Scientist in 2024,"Where do I begin? Data science is such a huge field - where do you even start learning about Data Science? These are career-defining questions often asked by data science aspirants. There are a million resources out there to refer but the learning journey can be quite exhausting if you don’t know where to start. Don’t worry, we are here to help you take your first steps into the world of data science! Here’s the learning path for people who want to become a data scientist in 2023. We have arranged and compiled all the best resources in a structured manner so that you have a unified resource to become a successful data scientist. Moreover, we have added the most in-demand skills for the year 2023 for data scientists including storytelling, model deployment, and much more along with exercises and assignments.","Overview of the Learning Path 2024, January 2024: Data Science Toolkit, February 2024: Data Visualization, March 2024: Data Exploration, April 2024: Basics of Machine Learning and art of storytelling, May 2024: Advanced Machine Learning, June 2024: Other Machine Learning Concepts, July 2024: Introduction to Deep Learning and Computer Vision, August 2024: Basics of Natural Language Processing, September 2024: Model Deployment, October 2024: Practice and Projects",
Nano Course: Building Large Language Models for Code,"In this Free Nano GenAI Course on Building Large Language Models for Code, you will Learn how to train LLMs for Code from Scratch covering Training Data Curation, Data Preparation, Model Architecture, Training, and Evaluation Frameworks.Explore each step in-depth, delving into the algorithms and techniques used to create StarCoder, a 15B code generation model trained on 80+ programming languages.Understand and learn the best practices to train your own StarCoder on the data",Building Large Language Models for Code,
Certified AI & ML BlackBelt+ Program,"What happens when you combine ALL of Analytics Vidhya’s comprehensive courses, curated and designed by instructors with decades of data science experience? You get the AI & ML BlackBelt+ program! There are multiple elements that go into becoming an AI expert. Data Science, Machine Learning and Deep Learning are the core components you would need in our journey to break into the wonderful world of AI applications. AI & ML BlackBelt+ is a thoughtfully curated program designed for anyone wanting to learn data science, machine learning, deep learning in their quest to become an AI professional. It all starts here, so are you ready to take the ride? You will get access to ALL the courses Analytics Vidhya has curated and designed as part of AI & ML Blackbelt+. What are you waiting for? Start your AI journey today!",,
Machine Learning Summer Training,"If you are a college student and looking for summer training, then you are at the right place where Analytics Vidhya is providing its virtual training along with the mega hackathon for students all over the world to compete, win grand rewards and internship opportunities. Machine Learning Summer Training is an online program to build and enhance your programming and machine learning skills, led by the best industry experts and data science professionals. After completing this training you will be provided with a blockchain enabled certificate by Analytics Vidhya with lifetime validity. This is the perfect starting point to ignite your fledging machine learning career and take a HUGE step towards your dream data scientist role. If you haven't enrolled in the program already, Don't wait!","Overview of the Course, Introduction to Data Science and Machine Learning, Setting up your system, Introduction to Python, Variables and Data Types, Operators, Conditional Statements, Looping Constructs, Data Structures, String Manipulation, Functions, Modules, Packages and Standard Libraries, Handling Text Files in Python, Introduction to Python Libraries for Data Science, Python Libraries for Data Science, Reading Data Files in Python, Preprocessing, Subsetting and Modifying Pandas Dataframes, Sorting and Aggregating Data in Pandas, Visualizing Patterns and Trends in Data, Machine Learning Lifecycle, Problem statement and Hypothesis Generation, Importance of Stats and EDA, Build Your First Predictive Model, Evaluation Metrics, Preprocessing Data, Build Your First ML Model: k-NN, Selecting the Right Model, Linear Models, Project: Customer Churn Prediction, Decision Tree, Feature Engineering, Project: NYC Taxi Trip Duration prediction, Feedback",
A Comprehensive Learning Path to Become a Data Engineer in 2022,"Where do I begin? Data Engineering is such a huge field - where do you even start learning about Data Engineering? These are career-defining questions often asked by data engineering aspirants. There are a million resources out there to refer but the learning journey can be quite exhausting if you don’t know where to start. Don’t worry, we are here to help you take your first steps into the world of data engineering! Here’s the learning path for people who want to become a data engineer in 2022. We have arranged and compiled all the best resources in a structured manner so that you have a unified resource to become a successful data engineer. Moreover, we have added the most in-demand skills for the year 2022 for data engineers including storytelling, model deployment, and much more along with exercises and assignments. ","Overview of Learning Path 2022, January 2022: Learn Programming, February 2022: Learn Relational Databases, March 2022: Fundamentals of Linux and Cloud Computing, April 2022 : NoSQL Databases, May 2022: Hadoop Ecosystem, June 2022: Data Warehousing",
Writing Powerful Data Science Articles,"This free crash course on writing powerful data science articles is conducted over two sessions of 1-hour each. Here’s the agenda for both sessions: Session 1: How to Write Powerful Data Science Articles This is where it all begins! The power of writingWhat should you write about? How to pick a topic your audience will like? The big question - HOW should you write an article that resonates with your audience? A quick demo of our writing platform (editor.analyticsvidhya.com) Session 2: Best Practices - Writing Articles that Grab your Reader’s Attention This is where we bring it all together. Tips on how to improve your article’s engagementBest practices for enhancing your article’s readability How to increase your article’s reach Examples, SEO best practices, tips and tricks to increase your article viewership","Welcome to the Data Science Writing Crash Course!, Crash Course - How to Write Powerful Data Science Articles, Expert Talk: Writing Powerful Data Science Articles with Parul Pandey, Next Steps...",
Machine Learning Certification Course for Beginners,"What will I learn from this course? Python libraries like Numpy, Pandas, etc. to analyze your data efficiently. Importance of Statistics and Exploratory Data Analysis (EDA) in the data science field. Linear Regression, Logistic Regression, and Decision Trees for building machine learning models. Understand how to solve Classification and Regression problems using machine learning How to evaluate your machine learning models using the right evaluation metrics? Improve and enhance your machine learning model’s accuracy through feature engineering","Overview of the Course, Introduction to Data Science and Machine Learning, Setting up your system, Introduction to Python, Variables and Data Types, Operators, Conditional Statements, Looping Constructs, Data Structures, String Manipulation, Functions, Modules, Packages and Standard Libraries, Handling Text Files in Python, Introduction to Python Libraries for Data Science, Python Libraries for Data Science, Reading Data Files in Python, Preprocessing, Subsetting and Modifying Pandas Dataframes, Sorting and Aggregating Data in Pandas, Visualizing Patterns and Trends in Data, Machine Learning Lifecycle, Problem statement and Hypothesis Generation, Importance of Stats and EDA, Build Your First Predictive Model, Evaluation Metrics, Preprocessing Data, Build Your First ML Model: k-NN, Selecting the Right Model, Linear Models, Project: Customer Churn Prediction, Decision Tree, Feature Engineering, Project: NYC Taxi Trip Duration prediction",
Data Science Career Conclave - Transition to Data Science!,"Are you looking for a role in the data science space? You’ve come to the right place! It feels like half the world wants to move into data science these days, with spectacular perks and a plethora of openings on offer in the industry. Organizations are investing heavily in data science talent to stay or move ahead of their competitors. As a data science aspirant, you couldn’t have picked a better time to change your career! But this comes with its own set of challenges. We are often asked by folks about how they should transition into data science. People from all sorts of backgrounds – IT, Sales, Finance, HR, Healthcare, etc. – they all want a piece of the data science pie. In this exclusive course called the “Data Science Career Conclave”, Analytics Vidhya has brought together leading data science experts to share their view on a broad range of data science career topics.",Career Conclave,
Top Data Science Projects for Analysts and Data Scientists,“How many data science projects have you completed so far?” This is a very common question interviewers ask in data science interviews. We have conducted hundreds of these interviews for both data analyst and data scientist roles and this is quite often the jackpot question. This is especially true if you’re a fresher or a relative newcomer to data science. Just doing courses or attaining certifications isn’t good enough. Almost everyone we know holds certifications in various aspects of data science. It adds no value to your resume if you don’t combine it with practical experience. And that’s where open-source data science projects play such a key role!,"Welcome to the course!, Machine Learning Projects, Deep Learning Projects, Computer Vision Projects, Natural Language Processing (NLP) Projects, Reinforcement Learning Projects, Data Engineering Projects, Other Data Science Projects",
Getting Started with Git and GitHub for Data Science Professionals,"Ever heard of version control? It is one of the most important concepts in a data scientist’s daily role - and yet most newcomers and beginners haven’t even come across it! This is a fallacy you must overcome as soon as possible. You need to understand how to navigate through Git and GitHub if you want to make it as a data science professional. While a lot of folks know about these tools (having used them for cloning open source code from Google Research and other top data science organizations), they never really understand their real purpose. The beauty of version control will be akin to a revelation. The way you can create a remote project and have all your team members work on different features parallelly yet independently but still have a stable running code at the end of the day - priceless! A lot of the problem we face in data science while working remotely and independently will be erased with a quick understanding of Git and GitHub. Yes, this course really is that important!","Getting Familiar with Git and Github, Understand Git Terminology, Get Started with Git, Going Remote - Get started with Github, What's next?",
Machine Learning Starter Program,Machine Learning Starter Program Launch a career in Machine Learning NOW! We generate more than 2.5 quintillion bytes of data every day - and companies across the globe are hiring data scientists to make sense of this data.A data scientist’s job is one of the most sought-after in the 21st century. Companies are increasingly looking for professionals with a variety of skills in Machine Learning. And that's what we are here to give you via our Machine Learning Starter Program. This is the perfect starting point to ignite your fledgling machine learning career and take a HUGE step towards your dream data scientist role.,,
"Data Science Hacks, Tips and Tricks","Data Exploration Hacks - Do you know how to get a full report of your dataset in just 1 line of code? Explore the data like a pro. Understand and practically work on data with shorter lines of code. Python hacks, tips and tricks - Python is simple to understand language and is the go-to language to implement machine learning. Learn the ‘pythonic’ way to code in this course Data Visualization Tips and Tricks - Visualizing data in the right way can be the make-or-brake situation in your meeting with your seniors. To be able to tell a story through the use of different visualizations. In these visualization hacks, tips and tricks we explore different libraries and their different modules and how to implement them. Did you know you can make interactive plots using pandas dataframe in just one line of code? We’ll see this data science hack in this course Data Preprocessing Hacks - Data preprocessing is a really important step before model building. Standardization, normalization, encoding categorical variables are just a few of these. You’ll learn which functions to use and tuning which parameters would be the most suitable for you Jupyter Notebook hacks, tips and tricks - In jupyter notebook, you can write in multiple lines at the same time using multicursor, change the theme of your notebook, display multiple outputs for the same cell. These tricks and tips help you to focus on what’s really important and that is data analysis and discards unnecessary hassle Other Data Science and Machine Learning Hacks - Hacks related to machine learning algorithms, hyperparameter tuning, evaluating your machine learning model. Using these hacks you’ll be able to identify new methods to take your data science skills to the next level!","Introduction to Data Science Hacks, Tips and Tricks Course, Data Science Hack #1 - Resource Downloader, Data Science Hack #2 - Pandas Apply, Data Science Hack #3 - how to extract email addresses from text?, Data Science Hack #4 - Pandas Boolean Indexing, Data Science Hack #5 - Pandas Pivot Table, Data Science Hack #6 - Splitting a String in Python, Data Science Hack #7 - Transforming distributions to Normal Distributions, Data Science Hack #8 - Remove Emojis from text, Data Science Hack #9 - Elbow method for kNN classifier, Data Science Hack #10 - Pandas crosstab for quick exploratory analysis, Data Science Hack #11 - Scaling features using MinMax Scaler, Data Science Hack #12 - Feature Engineering for Date Time Features, Data Science Hack #13 - Creating dummy test data using sklearn, Data Science Hack #14 - Image Augmentation to increase size of Training data, Data Science Hack #15 - Fast Tokenization using Hugging Face, Data Science Hack #16 - Stratified sampling using sklearn, Data Science Hack #17 - Reading html files using Pandas read_html, Data Science Hack #18 - Extract different data types into different dataframes, Data Science Hack #19 - Pandas profiling for quick exploratory analysis, Data Science Hack #20 - Change wide form dataframe to Long form dataframe, Data Science Hack #21 - Magic functions in Jupyter notebooks, Data Science Hack #22 - Set Jupyter theme, Data Science Hack #23 Change Cell width in Jupyter notebook, Data Science Hack #24 - Change Datatype to datetime, Data Science Hack #25 - Sharing jupyter notebook, Data Science Hack #26 - Visualize Decision Tree, Data Science Hack #27 - Invert Dictionary in Python, Data Science Hack #28 Visualize Interactive plot, Data Science Hack #29 - Write python file directly from jupyter notebook cell, Data Science Hack #31 Feature Selection, Data Science Hack #32 Convert string into characters, Data Science Hack #33 Apply pandas in parallel, Data Science Hack #34 Convert Date format, Data Science Hack #35 Make images of same size, Data Science Hack #36 Regex testing and debugging",
Introduction to Business AnalyticsIntroduction to Business Analytics,"Getting Started with Business Analytics What is Business Analytics? Why has it become so popular recently? What are some of the popular applications of Business Analytics? And more importantly, how can you get started with learning Business Analytics from scratch? With growth in digitisation, Business Analytics is ubiquitous right now. Organizations are splurging to integrate data science solutions in their daily processes. This is where they need Business Analysts Why pursue Business Analytics: Data is ubiquitous! Organizations need people who can use Business Analytics tools and techniques to make sense of this data. It is one of the hottest field in the industry right now There are so many Business Analytics tools and techniques which can be applied to solve business problems. Keep learning, keep growing! The potential of Business Analytics is limitless - spanning across industries, roles and functions","What is Business Analytics? , Spectrum of Business Analytics, Skills Required for Business Analytics and Roadmap of Business Analytics Program, Case study: Ezine Publishing",
Introduction to PyTorch for Deep Learning,"PyTorch for Deep Learning - A Game Changing Deep Learning Framework Welcome to the world of PyTorch - a deep learning framework that has changed and re-imagined the way we build deep learning models.PyTorch was recently voted as the favorite deep learning framework among researchers. It has left TensorFlow behind and continues to be the deep learning framework of choice for many experts and practitioners. PyTorch is super flexible and is quite easy to grasp, even for deep learning beginners. If you work on deep learning and computer vision projects, you’ll love working with PyTorch.","What is PyTorch?, Neural Networks, Implementing a Neural Network in Pytorch, Deep Learning on Pytorch",
Introduction to Natural Language Processing,"Introduction to Natural Language Processing (NLP)Natural Language Processing is the art of extracting information from unstructured text. Learn basics of Natural Language Processing, Regular Expressions & text sentiment analysis using machine learning in this course.What is Natural Language Processing (NLP)? Natural Language Processing (NLP) is basically how you can teach machines to understand human languages and extract meaning from text. Language as a structured medium of communication is what separates us human beings from animals. We are surrounded by text data all the time sourced from books, emails, blogs, social media posts, news and more. Natural Language Processing is expected to be worth 30 Billion USD by 2024 with the past few years seeing immense improvements in terms of how well it is solving industry problems at scale. Some Exciting Applications of Natural Language Processing! Natural Language Processing (NLP) today powers many key real-life industry applications, such as: Language Translation Dialog Systems / Chatbots Sentiment Analysis Text Summarizers Speech Recognition Autocorrect","Module 1 : Introduction to Natural Language Processing, Module 2: Learn to use Regular Expressions, Module 3: First Step of NLP - Text Processing, Module 4: NLP Certification Exam, Module 5: Where to go from here?",
Getting started with Decision Trees,"Introduction to Decision Trees - The course starts with basics of Decision Trees, the philosophy behind decision tree algorithm and why they are so popular among data scientists Terminologies related to decision trees - Don't worry if you don't know anything about Decision Trees - that is the whole point about this course. What is a Leaf Node? Parent Node? Pruning? We will teach you all of these terminologies related to decision tree in a practical manner. Different splitting criterion for decision tree like Gini, chi-square The course teaches you different splitting criteria like Gini, Information Gain, chi-square and how do they impact the decision tree model Implementation of decision tree in Python - The course will tell you several best practices you should keep in mind while implementing Decision Tree algorithm",Getting Started with Decision Tree,
Introduction to Python,"Do you want to enter the field of Data Science? Are you intimidated by the coding you would need to learn? Are you looking to learn Python to switch to a data science career? You have come to just the right place! Most industry experts recommend starting your Data Science journey with Python Across biggest companies and startups, Python is the most used language for Data Science and Machine Learning Projects Stackoverflow survey for 2019 had Python outrank Java in the list of most loved languages Python is a very versatile language since it has a wide array of functionalities already available. The sheer range of functionalities might sound too exhaustive and complicated, you don’t need to be well-versed with them all. Most data scientists have a few go-to libraries for their daily tasks like: for performing data cleaning and analysis - pandas for basic statistical tools – numpy, scipy for data visualization – matplotlib, seaborn","Overview of the Course, Introduction to Python, Understanding Operators, Variables and Data Types, Conditional Statements, Looping Constructs, Functions, Data Structure, Lists, Dictionaries, Understanding Standard Libraries in Python, Reading a CSV File in Python, Data Frames and basic operations with Data Frames, Indexing a Data Frame, Data Manipulation and Visualization, Regular Expressions, Cheatsheet for Python, Evaluate, Feedback, Where to go from here?",
Loan Prediction Practice Problem (Using Python),"This course is designed for people who want to solve binary classification problems. Classification is a skill every Data Scientist should be well versed in. In this course, we are solving a real life case study of Dream Housing Finance. The company deals in all home loans. They have a presence across all urban, semi-urban and rural areas. Customers first apply for a home loan after that company validates the customer's eligibility. The company wants to automate the loan eligibility process (real-time) based on customer detail provided while filling online application form. By the end of the course, you will have a solid understanding of Classification problem and Various approaches to solve the probem",Loan Prediction : Practice Problem,
Big Mart Sales Prediction Using R,"Sales prediction is a very common real life problem that each company faces at least once in its life time. If done correctly, it can have a significant impact on the success and performance of that company. In this course you will be working on the Big Mart Sales Prediction Challenge. The course will equip you with the skills and techniques required to solve regression problems in R. You will be provided with sufficient theory and practice material to hone your predictive modeling skills.",Big Mart Sales,
Twitter Sentiment Analysis,"Sentiment Analysis or Opinion Mining is a technique used to analyse the emotion in a text. We can extract the attitude or the opinion of a piece of text and get insights on it. In the context of machine learning, you can think of Sentiment Analysis as a Classification problem where the text can either have a positive sentiment, a negative sentiment or a neutral one.",Twitter Sentiment Analysis (Using Python),
Pandas for Data Analysis in Python,"Pandas is one of the most popular Python libraries in data science. In fact, Pandas is among those elite libraries that draw instant recognition from programmers of all backgrounds, from developers to data scientists. According to a recent survey by StackOverflow, Pandas is the 4th most used library/framework in the world. That is quite an achievement! Pandas is the first library we import when we fire up our Jupyter notebooks (‘import pandas as pd’ is indelibly etched in our minds!). It is a super flexible tool that enables us to perform data analysis and data manipulation on Pandas dataframes in double-quick time.","Getting Started with Pandas, Dataset Description, Read & Write Data using Pandas, Pandas Dataframes, Data Exploration using Pandas, Data Manipulation using Pandas, Aggregating data using Pandas, Merging Data using Pandas, Pandas Cheatsheet",
Support Vector Machine (SVM) in Python and R,"Want to learn the popular machine learning algorithm - Support Vector Machines (SVM)? Support Vector Machines can be used to build both Regression and Classification Machine Learning models. This free course will not only teach you basics of Support Vector Machines (SVM) and how it works, it will also tell you how to implement it in Python and R. This course on SVM would help you understand hyperplanes and Kernel tricks to leave you with one of the most popular machine learning algorithms at your disposal.","Introduction to Support Vector Machines, How does SVM work?, SVM Kernels and Hyperparameters, Implementing SVM in Python, Implementing SVM in R, Challenges of SVM",
Evaluation Metrics for Machine Learning Models,Evaluation Metrics for Machine Learning Models,"Introduction, Evaluation Metrics: Classification, Evaluation Metrics: Regression, What Next?",
Fundamentals of Regression Analysis,"In this free course, you will build a solid understanding of what regression is and the different types of regression techniques out there. You will also get a taste of how regression analysis works, the different assumptions you would need to make in regression analysis, and yes, we will answer the linear regression vs logistic regression question!","Welcome to the course!, Introduction to Regression, Types of Regression, Linear Regression, Logistic Regression, Ridge Regression, Lasso Regression, Selecting the Right Model, What next?",
Getting Started with scikit-learn (sklearn) for Machine Learning,Scikit-learn (Sklearn) - the powerful Python library for machine learning. But what is sklearn? How does sklearn work? What kind of ML models can you build using sklearn? Find out in this course and build sklearn models!,"Welcome to the course!, scikit-learn in Python, Use of Scikit-learn in Data Science Life Cycle, Use of Scikit-Learn in Model Building, Machine Learning pipeline using scikit-learn!, Next Steps...",
Convolutional Neural Networks (CNN) from Scratch,"Convolutional neural networks, or CNNs, have taken the deep learning community by storm. These CNN models power deep learning applications like object detection, image segmentation, facial recognition, etc. Learn all about CNN in this course.","Introduction to Neural Networks, Introduction to CNNs, Architecture of a CNN, Mathematics behind CNNs, Implementing a CNN, What Next?",
Dimensionality Reduction for Machine Learning,"Dimensionality reduction is a key concept in machine learning. This course covers several dimensionality reduction techniques that every data scientist should know, including Principal Component Analysis (PCA) and Factor Analysis, among others!","Introduction to the Course, Introduction to Dimensionality Reduction, Feature Selection Techniques, Factor Based Feature Extraction Techniques, Projection Based Feature Extraction Techniques",
K-Nearest Neighbors (KNN) Algorithm in Python and R,"A practical hands-on tutorial on the K-Nearest Neighbor (KNN) algorithm in both Python and R. This course covers everything you want to learn about KNN, including understanding how the KNN algorithm works and how to implement it.","Introduction, K-NEAREST NEIGHBOUR, Steps to Build a K-NEAREST NEIGHBOUR Model, Implementation in Python and R, What's Next?",
Ensemble Learning and Ensemble Learning Techniques,Ensemble learning is a powerful machine learning technique every data scientist should know. But what is ensemble learning? How does ensemble learning work? This course is the perfect starting point to learn all about ensemble learning.,"Introduction, Basic Ensemble Learning Techniques, Advanced Ensemble Learning Techniques, Advanced Ensemble Learning: Bagging, Advanced Ensemble Learning: Boosting, What next?",
Linear Programming for Data Science Professionals,"The Linear Programming for Data Science Professionals’ course will guide you on how to get started with linear programming (LP), the different components of LP, and how to solve linear programming problems using Excel, R and more!","Introduction to Linear Programming, Introduction, Tools to Solving Linear Programming Problems, Methods to Solve Linear Programing Problems, Applications of Linear Programming, Conclusion",
Naive Bayes from Scratch,"Naive Bayes is a popular and widely used machine learning algorithm for classification problems. Learn what is Naive Bayes, how a Naive Bayes classifier works, and implement Naive Bayes yourself in this course!","Probability, The Naive Bayes Algorithm, What Next?",
Learn Swift for Data Science,Swift for Data Science introduces you to the wonderful world of the Swift programming language and how to use it for data science tasks. Swift is quickly being adopted by data science organizations so start your journey today.,"Introduction, Swift Basics for Data Analysis, Machine Learning with Swift and TensorFlow, Bonus Chapter: NLP Based iOS Apps uwing Swift, What Next?",
Introduction to Web Scraping using Python,What is web scraping? Why is web scraping a must-know skill? How can you perform web scraping in Python? This course will cover all these aspects of web scraping and showcase how to perform web scraping using BeautifulSoup and Scrapy.,"Introduction to Web Scraping, Web Scraping: Procedure, Scraping URLs and Email IDs from a Web Page, Scrape Images in Python, Scrape Data on Page Load",
Tableau for Beginners,"Tableau is the tool of choice for business intelligence, analytics and data visualization experts. Learn how to use Tableau, the different features of Tableau, and start building impactful visualization using this Tableau tutorial!","Introduction, Concept of Visualization, Understanding the Length and Breadth of Tableau, Getting Started with Tableau, Different Types of Charts in Tableau, BONUS: Other Functionalities in Tableau, What's Next?",
Getting Started with Neural Networks,"Kick start your journey in deep learning with Analytics Vidhya's Introduction to Neural Networks course! Learn how a neural network works and its different applications in the field of Computer Vision, Natural Language Processing and more.","Introduction to Deep Learning, Getting ready for the course, Introduction to Neural Network, Activation Functions, Loss Function, NN on structured Data, Assignment: Big Mart Sales Prediction, Real World Use cases of Deep Learning, Where to go from here?",
Introduction to AI & ML,"Artificial Intelligence (AI) and Machine Learning (ML) are changing the world around us. From functions to industries, AI and ML are disrupting how we work and how we function. Get to know all about the different facets of AI and ML in this course.","Introduction to AI & ML, Common Terminologies, Tools and Techniques, Skills required to become a data science professional",
Winning Data Science Hackathons - Learn from Elite Data Scientists,"Competing in a data science hackathon is all about skills, tactics, creativity and learning! Here is a unique opportunity to understand how the top hackers approach various types of problem statements and competitions.","Introduction to Winning Data Science Hackathon Course, Talks by Elite Data Scientists",
Hypothesis Testing for Data Science and Analytics,Hypothesis testing is one of the most fascinating steps data scientists perform and the most essential one! What is a hypothesis? How do I validate my hypothesis? Learn all the basics of hypothesis testing and how to implement them in your project!,"Introduction to the course, Fundamentals of Hypothesis Testing, What is the Z Test?, What is the t-Test?, Deciding between Z Test and T-Test, Case Study: Hypothesis Testing for Coronavirus using Python",